Cele mai populare interogări,Clicuri,Expuneri,CTR,Poziție
verificare rovinieta,142629,1752158,8.14%,3.32
impozit auto 2026,116460,246125,47.32%,1.68
calculator impozit auto 2026,72471,136774,52.99%,1.56
verificare rovinieta fara serie sasiu,32638,100633,32.43%,2.73
calcul impozit auto 2026,23776,42975,55.33%,1.4
calcul varsta pensionare legea noua,21369,133936,15.95%,2.42
verificare rovinieta online,20399,228490,8.93%,3.35
calculator salariu net,19588,1157494,1.69%,4.16
calculator varsta pensionare anticipata,15189,217896,6.97%,3.89
rovinieta verificare,14860,215382,6.9%,3.78
ghiseul.ro plata impozit,14362,164267,8.74%,4.19
calculator pensie invaliditate,9633,18868,51.05%,2.66
ghiseul ro impozit,9509,90522,10.5%,3.5
verifica rovinieta,9071,124151,7.31%,3.75
ghiseul,8906,748871,1.19%,4.33
calculator indemnizatie crestere copil,8662,17770,48.75%,2.57
tabel varsta pensionare anticipata femei,8299,211817,3.92%,4.03
impozit auto,8251,37596,21.95%,2.33
verificare rovinieta dupa numar,8146,140441,5.8%,4.32
pensie anticipata femei 1967,7909,69415,11.39%,3.36
calcul salariu net,7883,403793,1.95%,4.16
calculator salariu,7854,587649,1.34%,4.4
calculator varsta pensionare,7769,37959,20.47%,2.96
calculator impozit auto,7714,31822,24.24%,2.43
impozit masina 2026,6585,10879,60.53%,1.42
pensie de invaliditate gradul 3 suma forum,6536,51241,12.76%,2.77
cazier judiciar online,6314,214707,2.94%,6.64
impozite auto 2026,6206,14181,43.76%,1.8
pensie anticipata femei 1968,6108,47641,12.82%,3.14
cazier fiscal online,5807,42427,13.69%,4.42
valabilitate rovinieta,5630,85540,6.58%,4.23
anii lucrati in strainatate se pun la pensie in romania,5153,22224,23.19%,1.58
pensie de invaliditate gradul 2 suma forum,5045,27253,18.51%,1.55
calcul indemnizatie crestere copil,4632,11506,40.26%,2.74
calculator salariu brut,4487,160805,2.79%,3.27
duplicat certificat de nastere online,4390,17220,25.49%,2.65
calcul varsta pensionare,3904,29203,13.37%,3.28
cazier auto online,3802,27214,13.97%,3.52
calcul salariu brut,3698,101392,3.65%,3
cat este pensia pe caz de boala,3684,49027,7.51%,2.95
calculare impozit auto 2026,3680,5761,63.88%,1.43
impozit 2026,3595,10762,33.4%,2.23
impozite 2026,3395,29713,11.43%,5.48
taxa auto 2026,3305,6579,50.24%,1.61
ghiseul.ro,3209,235640,1.36%,5.42
eghiseu,3146,13437,23.41%,1.76
calculator salariu brut net,3108,47680,6.52%,3.83
calculator salarii,3060,190865,1.6%,3.28
calculator pensie,3038,84065,3.61%,6.54
rovinieta online verificare,2961,58280,5.08%,3.85
certificat de integritate comportamentala,2946,57760,5.1%,3.37
cazier online,2888,91545,3.15%,6.59
tabel varsta pensionare femei,2869,151976,1.89%,5.75
verifica rovinieta online,2844,40330,7.05%,3.53
calculator tva,2735,174141,1.57%,4.37
calculator indemnizatie crestere copil 2025,2725,3984,68.4%,1.3
pensie anticipata femei 1969,2715,17435,15.57%,2.58
calculator impozit,2642,13479,19.6%,2.66
impozit auto 2026 calculator,2580,5843,44.16%,1.94
calculator impozit 2026,2538,7429,34.16%,2.11
indemnizatie crestere copil 2025,2435,18777,12.97%,1.73
cand ies la pensie,2327,18736,12.42%,3.7
ghiseul.ro cazier,2308,82265,2.81%,4.53
verificare rovigneta,2282,45948,4.97%,3.57
cazier judiciar online gratuit,2249,50484,4.45%,6.04
verificare rovineta,2227,27649,8.05%,3.47
verificare valabilitate rovinieta,2221,35944,6.18%,3.89
casa de pensii calcul varsta de pensionare,2189,27950,7.83%,3.77
calculul pensiei pe caz de boala,2112,12969,16.28%,2.65
impozit,2104,69582,3.02%,7.28
calcul impozit auto,2097,9497,22.08%,3.13
noua varsta de pensionare,2087,58869,3.55%,4.81
impozitul auto 2026,2071,6017,34.42%,1.84
cazier auto,2061,22715,9.07%,4.93
impozit masini 2026,2018,3971,50.82%,1.83
calcul indemnizatie crestere copil 2025,1991,3224,61.76%,1.23
verificare rovinietă,1957,29626,6.61%,3.59
cand ma pot pensiona,1941,13693,14.18%,3.3
certificat de nastere online,1880,9665,19.45%,2.64
e ghiseul.ro,1845,9169,20.12%,2.04
tabel impozit auto 2026,1810,25757,7.03%,3.13
impozit auto 2026 euro 4,1767,7978,22.15%,1.44
calculator pensie online,1740,22458,7.75%,5.67
certificat de nastere pierdut,1696,13339,12.71%,3.13
certificat de integritate comportamentala online,1596,13760,11.6%,4.32
eliberare certificat de integritate comportamentala online,1585,12802,12.38%,3.29
verificare rovinieta romania,1567,20453,7.66%,3.56
calculator indemnizatie crestere copil 2026,1554,5914,26.28%,3.17
calculator termene judiciare,1528,54927,2.78%,2.79
e ghiseul,1514,14408,10.51%,2.09
am uitat cand expira rovinieta,1512,19799,7.64%,3.1
cazier online gratuit,1354,16415,8.25%,5.67
calcul salariu,1347,38302,3.52%,3.79
salariu brut net,1337,100478,1.33%,4.24
verificate rovinieta,1332,19528,6.82%,3.68
verificare amenda rovinieta,1312,18373,7.14%,4.59
cazier rutier online,1304,9094,14.34%,3.39
impozit 2026 auto,1296,2355,55.03%,1.56
amenda rovinieta,1292,27847,4.64%,4.24
impozite 2026 auto,1261,2813,44.83%,1.68
taxe auto 2026,1261,2732,46.16%,1.78
brut in net,1222,89967,1.36%,3.86
certificat de integritate comportamentala online gratuit,1215,6560,18.52%,2.47
eghiseul.ro,1173,2295,51.11%,1.31
verificarea rovinieta,1152,16984,6.78%,3.52
impozit auto capacitate cilindrica,1142,10427,10.95%,3.27
salariu net calcul,1107,43063,2.57%,3.78
pensie de invaliditate gradul 3 suma calculator,1082,4336,24.95%,1.43
cand pot iesi la pensie,1076,7534,14.28%,4.02
taxa cazier judiciar,1048,14322,7.32%,4.12
certificat de casatorie online,1032,4358,23.68%,2.75
calculator salarii 2025,1030,61647,1.67%,4.6
calcul tva,1006,65997,1.52%,4.78
extras carte funciara,993,98965,1%,6.53
amenda rovinieta 2025,981,9790,10.02%,1.48
calculator termene,970,40397,2.4%,2.6
verificare rovinieta auto,965,23982,4.02%,3.76
calcul indemnizatie,958,2442,39.23%,2.58
calculator salariu net 2025,951,23605,4.03%,4.21
aflare numar cadastral dupa adresa,951,8777,10.84%,2.06
calculare impozit auto,941,4092,23%,3.14
calculator impozit masina 2026,938,1870,50.16%,1.74
calculare salariu net,918,25396,3.61%,3.71
localizare teren dupa numar cadastral,895,49159,1.82%,4.98
numar cadastral,878,10034,8.75%,2.68
calculeaza impozit auto 2026,869,1552,55.99%,1.85
cat este pensia de handicap gradul 2,859,45234,1.9%,5.52
calculator taxa auto 2026,859,1499,57.3%,1.64
calcul impozit,849,5169,16.42%,2.69
calculatorul varstei de pensionare,837,5364,15.6%,3.33
calcul impozit 2026,810,2337,34.66%,1.96
salariu brut calcul,805,13280,6.06%,3.09
calculator pensionare,802,4019,19.96%,3.27
calculator indemnizatie,783,2168,36.12%,3.68
certificat constatator online,781,103550,0.75%,7.69
verificare rovinietă online,774,8918,8.68%,3.4
rovinieta online,773,129766,0.6%,10.24
varsta pensionare femei,766,25108,3.05%,4.02
eghiseul,763,4388,17.39%,4.05
taxa impozit auto 2026,758,1434,52.86%,1.59
verificare rovinieta online fara serie sasiu,742,3558,20.85%,3.51
calculator procente,740,59002,1.25%,3.71
impozit autoutilitara 2026,730,2147,34%,2.13
extras de carte funciara,726,98612,0.74%,6.42
verificare vigneta romania,722,12155,5.94%,3.38
calculator iesire la pensie,706,3237,21.81%,3.05
extras cf online,704,81396,0.86%,7.82
control rovinieta,700,11804,5.93%,4.66
verificare rovinieta numar inmatriculare,685,11236,6.1%,5.01
cazier fiscal,659,31339,2.1%,6.85
simulare impozit auto 2026,659,1129,58.37%,1.69
calcul pensie anticipata,653,6996,9.33%,5.63
calculator vârstă pensionare,651,2551,25.52%,2.89
impozit masina,649,3714,17.47%,3.35
pret impozit auto 2026,645,1130,57.08%,1.55
rovinieta verificare online,627,8392,7.47%,3.48
pensie anticipata femei 1968 calculator,627,4133,15.17%,2.16
cazier fiscal online gratuit,623,5674,10.98%,5.11
ghiseul online,618,30254,2.04%,5.1
pensie de invaliditate gradul 3 suma 2025,618,11583,5.34%,3.48
rovinieta valabilitate,616,16933,3.64%,5.28
calcul indemnizatie maternitate,616,2510,24.54%,3.49
calcul varsta de pensionare,615,3655,16.83%,3.83
cum se calculeaza indemnizatia de crestere copil,613,3927,15.61%,2.54
calcul termene judiciare,604,15048,4.01%,2.68
calcul impozit masina 2026,602,1440,41.81%,2.27
calcul salariu net 2025,599,17129,3.5%,3.89
calcul iesire la pensie,595,3574,16.65%,3.76
salariu net,592,137021,0.43%,6.07
impozit auto 2026 euro 3,582,2770,21.01%,1.99
cum se calculeaza indemnizatia,580,3287,17.65%,1.85
cum verific rovinieta,574,6368,9.01%,3.42
verificare vigneta,565,14528,3.89%,3.82
calculator varsta de pensionare,562,5969,9.42%,5.09
impozite masini 2026,558,1461,38.19%,2.54
carte funciara online,553,42125,1.31%,6.56
cazier auto online gratuit,553,2663,20.77%,3.52
calcul pensie invaliditate,553,912,60.64%,1.38
cat este indemnizatia de crestere copil,550,4792,11.48%,1.59
salariu brut,549,80209,0.68%,5.59
eliberare certificat de nastere,541,6957,7.78%,5.02
extras carte funciara online,530,46328,1.14%,7.17
calcul salariu net din brut,525,15967,3.29%,4.3
cazier rutier,522,7369,7.08%,3.81
pensia de invaliditate gradul 2 se considera vechime in munca,521,13672,3.81%,6
ghiseul.ro cazier auto,516,7968,6.48%,3.55
cum se calculeaza pensia de boala,506,2318,21.83%,7.63
calculator pensie anticipata,504,3854,13.08%,5.02
calculator brut net,503,28808,1.75%,4.64
tva romania,494,27791,1.78%,4.1
calculator tva 21 la suta,490,4366,11.22%,3.35
cazier,486,21899,2.22%,8.45
pensie anticipata,474,12269,3.86%,6.56
impozit pe masina 2026,468,1121,41.75%,1.76
drumuri cu rovinieta obligatorie harta,467,5954,7.84%,1.25
eliberare cazier fiscal online persoane fizice,467,5341,8.74%,4.62
calcul pensie,464,20031,2.32%,7.57
certificat integritate comportamentala online,462,4328,10.67%,4.65
indemnizatie crestere copil,459,30401,1.51%,2.57
certificat integritate comportamentala,454,9263,4.9%,4.8
calculator salariu brut 2025,454,7264,6.25%,3.87
pensie de invaliditate gradul 3 suma,452,10149,4.45%,4.63
calculare impozit 2026,450,933,48.23%,1.64
verificare vinieta,444,9754,4.55%,3.6
ghiseul ro impozit auto,444,1111,39.96%,2.04
calcul salar net,443,21523,2.06%,3.42
ghiseul.ro contact,442,20229,2.18%,7.67
calculatorul vârstei de pensionare după noua lege a pensiilor,442,1554,28.44%,3.05
cum se calculeaza salariul,440,2368,18.58%,3.24
impozit auto calculator,440,2213,19.88%,4.5
calculator concediu crestere copil,438,1241,35.29%,3.49
verificare impozit auto,434,1775,24.45%,2.95
exemplu de calcul al pensiei,427,23912,1.79%,6.31
calculator taxe auto 2026,425,777,54.7%,1.72
istoric rovinieta,422,5848,7.22%,5.27
certificat de celibat online,416,2147,19.38%,6.21
pensie de boala gradul 2 suma calculator,415,1591,26.08%,1.59
calculator varsta pensionare femei,415,1251,33.17%,2.34
pensionare anticipata,411,10317,3.98%,5.93
calcul tva 21,410,9391,4.37%,3.89
calculator concediu prenatal,410,8370,4.9%,5.78
grila impozit auto 2026,408,980,41.63%,2.14
certificat nastere pierdut,407,3302,12.33%,3.19
verificare rovinieta dupa numar fara serie sasiu,406,2440,16.64%,3.54
eliberare cazier auto online,404,8465,4.77%,4.89
impozit auto cluj 2026,401,1105,36.29%,2.47
verificare carte funciara online,399,6185,6.45%,3.92
extras de carte funciara online,398,24277,1.64%,6.98
pensie anticipata femei 1970,397,3013,13.18%,3.41
calculul varstei de pensionare,397,1828,21.72%,3.41
tva 21,395,3352,11.78%,4.21
calculator indemnizatie maternitate,394,2035,19.36%,3.59
certificat de celibat romania,393,2758,14.25%,3.35
verificare rovinieta fără serie sasiu,392,2498,15.69%,3.81
ghiseul.ro arad,391,5496,7.11%,5.34
cazier fiscal persoana fizica,383,11469,3.34%,7.8
calcul pensionare,383,2502,15.31%,3.18
calculator pensie 2025,382,11302,3.38%,6.83
impozit auto 2025,381,4802,7.93%,3.72
calculatorul vârstei de pensionare,381,3361,11.34%,3.75
harta cadastru,379,23353,1.62%,6.59
ghiseul.ro cazier judiciar,373,10521,3.55%,5.74
simulare dosar pensionare,372,5097,7.3%,3.95
ghiseul.ro impozit auto,372,1018,36.54%,2.02
calcul.impozit auto 2026,367,642,57.17%,1.42
vechime minima pentru pensie de boala,366,25320,1.45%,8.68
certificat de celibat,365,5231,6.98%,5.79
impozit 2026 calculator,364,730,49.86%,1.55
calculator pensie de boala,363,496,73.19%,1.21
calculator pensie cnas,362,3865,9.37%,4.14
cum se calculeaza salariul net,362,2975,12.17%,3.25
la ce varsta ies femeile la pensie,358,13680,2.62%,4.5
extras cf online gratuit,356,10587,3.36%,7.56
varsta pensionare,354,12541,2.82%,5.96
ghiseul.ro impozit,353,7484,4.72%,4.4
certificat constatator,350,75234,0.47%,8.13
termene judiciare,350,11758,2.98%,2.98
nr cadastral,350,6966,5.02%,3.08
duplicat certificat de nastere,350,6298,5.56%,5.35
drpciv cazier auto,350,3517,9.95%,4.31
cum verific daca am rovinieta,346,4357,7.94%,3.31
cat este tva in romania,341,11944,2.85%,2.62
pierdut certificat de nastere,341,2708,12.59%,3.37
calculator puncte pensie,339,10869,3.12%,5.6
unde se plateste taxa cazier judiciar,338,5197,6.5%,4.19
calculator impozite 2026,337,772,43.65%,1.91
calculator salariu minim 2025,336,13906,2.42%,4.48
calcul varsta pensionare femei,335,1552,21.59%,2.58
varsta de pensionare anticipata,333,9846,3.38%,5.34
calculeaza salariul net,332,6825,4.86%,3.07
calcul salarii,331,15618,2.12%,3.98
calculator salariu complet,330,6407,5.15%,5.63
ghiseul.ro certificat de integritate comportamentala,330,2065,15.98%,2.82
cazier auto ghiseul.ro,329,1662,19.8%,3.46
verifica rovineta,322,3892,8.27%,3.78
calcul pensie de boala,321,545,58.9%,1.56
valabilitate extras de carte funciara,320,3854,8.3%,2.23
tva 2025,319,10340,3.09%,3.8
pensionare anticipata calculator,319,2567,12.43%,4.69
impozit auto 2026 bucuresti,317,817,38.8%,2.22
valabilitate rovinieta online,316,5206,6.07%,4.25
calculator taxe si impozite 2026,315,902,34.92%,2.65
indemnizatie crestere copil 2026,313,6503,4.81%,2.87
calculare salariu brut,313,4684,6.68%,3.16
noile impozite auto 2026,311,914,34.03%,2.59
calcul indemnizatie crestere copil 2026,310,1579,19.63%,2.68
salariu brut in net,309,15832,1.95%,3.9
in cat timp se elibereaza certificatul de nastere pierdut,307,3912,7.85%,2.59
indemnizatie crestere copil calcul,306,1395,21.94%,4.14
calculare indemnizatie crestere copil,306,610,50.16%,2.75
verifică rovinietă,305,4021,7.59%,3.67
formula calcul tva 21%,303,2505,12.1%,3
pensie de boala,298,5499,5.42%,5.2
impozit auto timisoara 2026,298,1393,21.39%,3.27
impozit calculator,297,1823,16.29%,2.63
calculator salariu 2025,295,11089,2.66%,4.22
cum se calculeaza tva,295,4659,6.33%,5.7
cazier judiciar,294,25101,1.17%,10.35
verificare rovignieta,293,5418,5.41%,3.53
ghiseul ro,291,27108,1.07%,5.54
ghiseul ro cazier,291,10521,2.77%,4.43
certificat de nastere,290,17945,1.62%,2.4
pensie anticipata femei 1966,290,3479,8.34%,4.19
verificare rovinieta nr auto,289,3154,9.16%,4.29
numar carte funciara,288,1850,15.57%,1.5
impozit masina hibrid 2026,288,1430,20.14%,3.62
calculator.impozit auto 2026,288,532,54.14%,1.73
salariu net calculator,285,19243,1.48%,4.09
eliberare certificat de nastere pierdut,283,3026,9.35%,3.27
calculator salariu romania,282,8040,3.51%,2.6
calcul procente,281,26121,1.08%,4
calcul salar,280,7620,3.67%,3.37
calcul concediu crestere copil,280,1861,15.05%,5.84
verificare rovinieta online romania,279,4388,6.36%,3.46
calcul pensie pe caz de boala,279,625,44.64%,2.05
salariu calculator,278,10429,2.67%,3.65
calcul salariu brut 2025,277,4578,6.05%,3.59
impozit motor 3.0,276,3454,7.99%,4.61
calcul data pensionare,275,1803,15.25%,4.1
certificatul de integritate comportamentală,274,3777,7.25%,3.21
impozit calculator 2026,274,599,45.74%,1.68
calcul termene,273,7814,3.49%,3.42
calcul salariu brut net,272,6371,4.27%,4.07
calculator pensie anticipata cu penalizare,272,5737,4.74%,6.06
impozit auto hibrid 2026,271,1605,16.88%,3.62
cum se calculează salariul,271,1163,23.3%,2.98
de unde se scoate certificat de integritate comportamentala,270,2248,12.01%,3.65
pensie anticipata femei,268,3526,7.6%,4.61
anaf cazier fiscal online,267,8970,2.98%,7.49
calculator auto impozit 2026,267,426,62.68%,1.47
cote tva 2025,266,2755,9.66%,3.74
calculator impozite auto 2026,265,650,40.77%,2.6
pensie pe caz de boala,264,6295,4.19%,5.6
cazier fiscal persoana fizica online,261,3919,6.66%,5.27
pensie de invaliditate gradul 2 suma forum pdf,261,2532,10.31%,1.91
impozit masini hibrid 2026,261,1041,25.07%,3.1
verifica rovigneta,259,7420,3.49%,3.93
program calcul pensie,259,5473,4.73%,7.47
am pierdut certificatul de nastere,259,2549,10.16%,3.38
ghiseul.ro certificat de integritate comportamentala online,259,1383,18.73%,3.22
calculator tva 21,258,8681,2.97%,4.02
calcul termen reabilitare,256,796,32.16%,2.14
anexa 5 legea 360 din 2023,255,5126,4.97%,4.06
calcul varsta pensionare legea noua 2025,255,1165,21.89%,2.21
impozit hibrid 2026,254,1127,22.54%,3.5
cum se calculeaza salariu,253,1025,24.68%,3.39
verificare rovinieta dupa numar aida,252,6503,3.88%,5.95
cum verifici rovinieta,252,2640,9.55%,3.28
cat e indemnizatie crestere copil,249,3693,6.74%,3.23
calculator pensie invaliditate 2025,248,566,43.82%,1.04
certificat de casatorie,247,20701,1.19%,1.82
cand pot sa ies la pensie,247,2247,10.99%,3.77
verificare rovinieta dupa serie sasiu,245,3279,7.47%,3.99
impozite auto,244,1894,12.88%,4.23
ghiseul ro cazier judiciar online,242,7969,3.04%,6.69
calculator venit net,242,5604,4.32%,2.85
vehicul,240,10065,2.38%,7.44
certificat nastere online,240,734,32.7%,1.93
brut to net,234,40144,0.58%,4.68
cnair verificare rovinieta,233,8486,2.75%,5.33
duplicat certificat de casatorie online,233,982,23.73%,2.38
calcul salar brut,232,7585,3.06%,2.98
impozit auto buzau 2026,232,1052,22.05%,3.67
calculator salar,231,12202,1.89%,4.35
verificare rovinieta valabila,231,4751,4.86%,3.48
calculator varsta pensionare legea noua,231,693,33.33%,2.26
calculator crestere copil,231,675,34.22%,4.25
brut net,229,41397,0.55%,5.27
calculator impozit auto 2025,229,2640,8.67%,3.48
calculator concediu prenatal 2025,229,1925,11.9%,3.04
calcul taxa auto 2026,229,427,53.63%,2.04
impozit auto iasi 2026,228,842,27.08%,3.01
când ies la pensie,226,2060,10.97%,3.41
calcul brut net,225,10524,2.14%,4.75
ghiseul impozit auto,225,389,57.84%,1.98
verificare rovinieta valabilitate,224,4776,4.69%,3.87
salariu brut net calculator,224,3438,6.52%,2.81
impozit auto cluj,224,1134,19.75%,3.93
calculator prenatal,223,1565,14.25%,4.08
pensie pe caz de boala cat este,222,1701,13.05%,2.26
impozit hybrid 2026,222,665,33.38%,3.12
certificat constatator onrc,221,29732,0.74%,7.88
calculul salariului net,221,2851,7.75%,2.81
calculator pensionare femei,221,845,26.15%,3.04
calculator ccc,221,380,58.16%,1.49
verificare rovinieta auto online,219,2584,8.48%,3.55
calculator vârstă de pensionare,219,798,27.44%,2.85
rovinieta valabila,218,5737,3.8%,4.93
calculator pensii,218,5347,4.08%,6.91
calculator impozit masina,218,1374,15.87%,2.55
calcul salarii 2025,217,5522,3.93%,3.89
impozit auto brasov 2026,214,2610,8.2%,5.39
cautare numar cadastral,212,4332,4.89%,3.94
numar cadastral dupa adresa,212,1265,16.76%,3.06
certificat casatorie online,212,845,25.09%,6.27
calcul pensie invaliditate 2025,212,318,66.67%,1.11
cadastru online,211,17865,1.18%,6.42
verificare rovinieta dupa nr auto,211,2449,8.62%,4.72
cazier judiciar online gratuit persoane fizice,210,4090,5.13%,6.32
cand iesi la pensie,210,1886,11.13%,4.37
eliberare cazier fiscal online,209,1393,15%,4.11
cand ma pensionez,208,2026,10.27%,3.46
calculator brut,207,8619,2.4%,3.13
calcul pensionare femei,207,1056,19.6%,3.03
cum se calculeaza pensia de invaliditate,207,550,37.64%,2.21
calcul pensie boala,207,375,55.2%,1.52
tva calculator,206,16591,1.24%,4.98
impozit auto arad 2026,206,602,34.22%,2.78
verificare online rovinieta,205,2874,7.13%,3.63
verificare rovinietă auto,205,1752,11.7%,3.42
calculeaza varsta de pensionare,204,1197,17.04%,3.26
calcul impozit masina,204,1187,17.19%,3.74
calculate impozit auto 2026,204,395,51.65%,1.85
exemplu calcul termen pe zile,203,2423,8.38%,6.96
verifica rovinieta dupa numar,202,2298,8.79%,4.69
e ghiseu,202,1932,10.46%,2.46
eliberare certificat de nastere online,201,505,39.8%,1.35
impozit masina 2026 calcul,201,380,52.89%,1.95
cf online,200,34266,0.58%,8.69
cat este pensia de invaliditate gradul 2,199,3563,5.59%,6.18
verifica valabilitate rovinieta,198,3769,5.25%,4.46
ce pensie ai la 35 ani vechime,197,15314,1.29%,7.6
cum se calculeaza indemnizatia crestere copil,197,1751,11.25%,2.82
calculator termene procedurale pe zile,196,1223,16.03%,2.5
calculator varsta pensie,196,1195,16.4%,3.14
impozit auto 2026 craiova,196,731,26.81%,3.29
varsta pensionare anticipata femei,195,1595,12.23%,3.83
calculare impozit,195,1142,17.08%,3.01
verificare cadastru online,194,3420,5.67%,4.78
certificat de naștere online,194,675,28.74%,1.84
cadastru online harta,193,8669,2.23%,5.51
pensie pentru cetateni romani cu domiciliul strainatate,193,4094,4.71%,5.1
calculator pensie 2026,193,3142,6.14%,6.35
eliberare duplicat certificat de nastere,193,3137,6.15%,4.84
cum se calculeaza pensia pe caz de boala,193,948,20.36%,2.13
eliberare certificat de nastere galati,192,2493,7.7%,4.99
grila impozitare auto 2026,192,388,49.48%,2.03
calcul venit net,191,4703,4.06%,2.88
cota tva,191,4449,4.29%,1.84
taxa certificat de integritate comportamentala,190,4536,4.19%,3.63
certificat de integritate,190,4293,4.43%,3.76
cat este pensia pe caz de boala 2025,190,2299,8.26%,2.71
calculator taxa judiciara de timbru,189,14169,1.33%,6.8
pierdere certificat nastere,189,1428,13.24%,3.44
calcul indemnizație creștere copil,189,1110,17.03%,5.14
calcularea salariului net,188,2530,7.43%,3.34
varsta pensionare romania,187,10233,1.83%,5.6
impozit auto romania,187,1313,14.24%,3.63
impozit autoturisme 2026,186,490,37.96%,2.27
tabel pensionare femei,184,5439,3.38%,6.38
calcul salarii net,184,4664,3.95%,2.8
calculator data pensionare,183,757,24.17%,2.6
calculare varsta pensionare,182,1099,16.56%,2.95
cnadnr verificare rovinieta,181,7503,2.41%,6.31
calculator impozit salariu,181,1714,10.56%,3.94
calculator.impozit auto,181,700,25.86%,2.21
calcul iesire la pensie femei,181,633,28.59%,2.09
eliberare cazier judiciar online,180,9458,1.9%,7.61
verificare roviniete,180,5190,3.47%,4.5
valabilitate rovinietă,180,3689,4.88%,4.48
varsta pensionare femei 2025,179,5738,3.12%,5.35
cat este amenda pentru rovinieta,179,5171,3.46%,4.87
impozit masini,179,1360,13.16%,3.17
cat este pensia de handicap gradul 1,178,15528,1.15%,6.47
rovinieta romania verificare,178,3953,4.5%,4.86
certificat de integritate online,178,1355,13.14%,3.91
impozit.ro 2026,177,781,22.66%,3.67
calculator vârsta de pensionare,176,1075,16.37%,4.21
impozit auto sibiu 2026,176,610,28.85%,2.87
calcul pensie de invaliditate,176,321,54.83%,1.25
calculator pensie de invaliditate,175,254,68.9%,1.05
calcul net din brut,174,5881,2.96%,4.22
calculeaza impozit auto,174,921,18.89%,3.1
calcul pensie de boala cancer,173,2114,8.18%,4.16
cazier auto online ghiseul.ro,173,760,22.76%,3.48
cum se calculeaza impozitul auto,173,611,28.31%,5.68
varsta de pensionare femei tabel,172,5117,3.36%,6.68
impozit autoutilitare 2026,172,399,43.11%,1.56
programare eliberare duplicat certificat de nastere timisoara,171,3763,4.54%,5.94
verificare rovinieta online dupa numar,171,2330,7.34%,5.05
cum aflu daca am rovinieta,171,1725,9.91%,3.53
ghișeul ro impozit,171,1588,10.77%,3.84
taxa auto,170,1299,13.09%,3.94
calculator indemnizație creștere copil,170,971,17.51%,7.69
pensionare pe caz de boala,169,5567,3.04%,7.06
calcul pensie 2025,168,3325,5.05%,2.89
pensie de boala gradul 2 suma,168,2711,6.2%,3.04
duplicat certificat nastere,168,2452,6.85%,4.99
ani lucrati in strainatate se pun la pensie,168,528,31.82%,1.34
cerere eliberare duplicat certificat de nastere,166,4359,3.81%,3.26
verificare taxa de drum,166,3593,4.62%,3.56
calculator concediu maternitate,166,1608,10.32%,4.75
impozit auto 2026 iasi,166,968,17.15%,3.76
impozit 3000 cmc 2026,166,497,33.4%,1.84
certificat de divort online,165,2516,6.56%,4.62
eliberare certificat de celibat,165,1612,10.24%,6.66
cand poti iesi la pensie,165,1471,11.22%,4.07
impozit pe masini 2026,165,415,39.76%,2.16
verificare carte funciara,164,3347,4.9%,4.96
taxa cazier auto,164,3229,5.08%,3.82
valoare impozit auto 2026,164,308,53.25%,1.7
concediu crestere copil,163,15797,1.03%,4.51
verificare amenzi rovinieta,163,3521,4.63%,9.35
pensionare anticipata femei,163,2508,6.5%,4.37
impozit auto 2026 cluj,163,505,32.28%,2.47
taxe si impozite auto 2026,163,407,40.05%,2.47
calculator impozit 2026 auto,163,351,46.44%,1.91
cat costa cazierul judiciar,162,4637,3.49%,3.13
cat este tva,162,3891,4.16%,2.52
impozit remorca 750 kg 2026,162,520,31.15%,1.33
ghiseul ro certificat de integritate comportamentala,161,795,20.25%,1.67
calculator net brut,160,9043,1.77%,4.41
salariul brut in net,160,4987,3.21%,3.8
calculator termene procedurale,160,3158,5.07%,2.69
calculator impozit auto 2026 bucuresti,160,388,41.24%,2.12
cazier permis auto,159,4072,3.9%,2.94
pensie de invaliditate,159,3960,4.02%,5.02
ghișeul. ro impozit,159,1579,10.07%,3.45
impozit plug in hybrid 2026,159,328,48.48%,1.66
salar brut net,158,15143,1.04%,4.81
cat este pensia pe caz de boala psihica,158,5054,3.13%,4.4
plata impozit auto,158,2409,6.56%,7.54
impozit motor 3.0 2026,158,438,36.07%,2.12
salar brut in net,157,7297,2.15%,4.32
cazier fiscal anaf online,157,3032,5.18%,6.58
impozit.auto 2026,157,323,48.61%,1.71
calculator pensie romania,156,3666,4.26%,7.21
certificat de cazier fiscal online,155,1534,10.1%,5.34
calcul varsta pensie,155,1358,11.41%,2.92
impozit auto 2026 galati,155,621,24.96%,3.13
verificare rovinieta cu nr de inmatriculare,154,988,15.59%,4.57
impozit auto 2026 pitesti,154,659,23.37%,3.04
impozi auto 2026,154,307,50.16%,1.75
calcul ccc,154,265,58.11%,1.51
impozit auto 2026 timisoara,153,922,16.59%,3.8
pensie anticipata femei 1971,153,821,18.64%,2.94
indemnizatie crestere copil calculator,153,631,24.25%,8.14
impozitul pe masina 2026,153,477,32.08%,2.41
cazier online gratis,152,2416,6.29%,6.12
cand expira rovinieta,152,2238,6.79%,4.11
calculator taxe salariu,152,2000,7.6%,3.48
salariu brut si net,151,6942,2.18%,5.26
simulare pensie,151,4321,3.49%,7.9
verificare taxa drum,151,2535,5.96%,3.43
cand te poti pensiona,151,1000,15.1%,4.2
procent din suma,150,12276,1.22%,3.7
calculator impozit auto 2026 romania,150,300,50%,1.94
valabilitate cazier auto,149,1399,10.65%,2.06
calcularea varstei de pensionare,149,1043,14.29%,3.61
impozit auto 2026 euro 5,149,475,31.37%,1.65
impozit auto bucuresti 2026,149,431,34.57%,2.36
calculator impozit masini 2026,149,277,53.79%,1.7
calculator pensie de stat,148,3903,3.79%,8.74
data pensionare,148,2067,7.16%,4.09
certificat de naștere pierdut,148,1363,10.86%,3.17
certificat de nastere romanesc,147,10074,1.46%,4.47
salariu brut vs net,147,8660,1.7%,4.1
tabel vârstă pensionare femei,147,8460,1.74%,6.17
vârsta de pensionare la femei,147,4609,3.19%,2.65
plata amenda rovinieta online,147,4513,3.26%,5.89
verificare numar cadastral,147,3310,4.44%,3.35
calcul vechime in munca pentru pensionare,147,3233,4.55%,7.16
verificate rovinieta online,147,1610,9.13%,3.28
calcul impozit masini 2026,147,290,50.69%,1.77
impozit motor 2.2,146,2722,5.36%,4.1
control rovinieta online,146,1455,10.03%,3.4
calculator salar net,145,10946,1.32%,4.24
noutati pensia de invaliditate,145,5689,2.55%,8.49
când mă pot pensiona,145,2446,5.93%,3.25
cat dureaza eliberarea certificatului de nastere duplicat,145,2096,6.92%,2.84
calculator impozit auto 2026 brasov,145,1290,11.24%,4.42
verificare valabilitate rovinietă,144,2014,7.15%,3.49
verificare robinieta,144,1639,8.79%,3.36
vechimea din strainatate se ia in calcul la sporul de vechime,144,829,17.37%,2.18
impozit auto galati 2026,144,615,23.41%,3.24
calculator taxa timbru,143,25070,0.57%,7.18
suport ghiseul ro,143,2713,5.27%,6.3
verificare varsta pensionare,143,1618,8.84%,3.44
certificat de nastere digital,143,744,19.22%,3.33
calculator salarii romania,142,4126,3.44%,2.87
pensie anticipata cu lucru strainatate,142,2752,5.16%,4.59
rovinietă verificare,142,2146,6.62%,3.57
pensie de invaliditate gradul 1 suma forum,142,1269,11.19%,1.57
tva romania 2025,141,6467,2.18%,4.59
eliberare cazier auto,141,3290,4.29%,6.74
contact ghiseul.ro,140,1826,7.67%,5.72
impozit auto.ro,140,1788,7.83%,2.88
impozit auto suceava 2026,140,683,20.5%,3.54
taxe masini 2026,140,404,34.65%,2.56
tabel varsta pensionare anticipata barbati,139,13141,1.06%,7.27
calculator salarii net,139,8072,1.72%,4.23
duplicat certificat de nastere galati,139,769,18.08%,4.23
plata impozit auto 2026,139,453,30.68%,2.1
adeverinta de vechime din strainatate,138,1740,7.93%,3.84
nr carte funciara,138,881,15.66%,1.38
formula calcul impozit auto 2026,138,371,37.2%,1.75
salariu brut calculator,137,6532,2.1%,3.37
certificat de nastere nou,137,2635,5.2%,2.2
calcul pensie limita de varsta persoana cu handicap,137,1924,7.12%,6.17
carte funciara colectiva,137,1753,7.82%,3.37
cum se calculează pensia de boală,137,524,26.15%,1.76
taxa auto 2026 calculator,137,333,41.14%,2.18
brut la net,136,18532,0.73%,3.95
cat e tva in romania,136,8005,1.7%,3.15
tva 21 la suta,136,1642,8.28%,2.23
certificat de casatorie 2025,136,628,21.66%,1.1
impozit auto capacitate cilindrica 2026,136,581,23.41%,2.02
certificat de nastere electronic,135,1168,11.56%,3.12
calcul crestere copil,135,1010,13.37%,5.69
femeie nascuta in 1969 cand ies la pensie,135,727,18.57%,3.69
impozit 3.0 2026,135,373,36.19%,1.95
calcul procent din suma,134,6801,1.97%,4.82
salar net calcul,134,4066,3.3%,2.95
impozit motor 3.0 diesel,134,3817,3.51%,4.11
cat este pensia de handicap gradul 3,133,9874,1.35%,7.25
eliberare certificat constatator,133,7012,1.9%,7.09
impozit auto bucuresti,133,1045,12.73%,3.09
plata amenda rovinieta,132,5986,2.21%,9.11
vigneta romania verificare,132,3455,3.82%,3.81
impozit 3.0 diesel,132,1577,8.37%,3.2
calculator liberare conditionata,131,2509,5.22%,4.76
certificat de stare civila online,131,2024,6.47%,4.64
cazier fiscal ghiseul.ro,131,812,16.13%,3.12
simulare pensionare,131,595,22.02%,3.74
cum aflu numarul cadastral,131,445,29.44%,1.25
impozite auto 2026 calculator,131,309,42.39%,2.2
brut net calculator,130,8074,1.61%,5.26
modificare lege indemnizatie crestere copil,130,2918,4.46%,1.54
tva 21%,130,2723,4.77%,3.05
calculare salariu,130,1955,6.65%,3.94
verificarea rovinieta online,130,1818,7.15%,3.38
rovineta verificare,130,1647,7.89%,3.92
verificare.rovinieta,130,1635,7.95%,3.49
calculator varsta pensionare anticipata 2026,130,1311,9.92%,3.79
cazier fiscal online persoana fizica,130,863,15.06%,4.21
calculator salarii 2026,129,13646,0.95%,8.37
valabilitate certificat constatator,129,5162,2.5%,4.11
cat e amenda de rovinieta,129,3772,3.42%,2.87
verific rovinieta,129,2012,6.41%,3.71
cum verific rovineta,129,1488,8.67%,3.35
calcul vârstă pensionare,129,715,18.04%,2.73
impozit masina romania,129,691,18.67%,4.06
impozit auto 2026 motor 3.0,129,419,30.79%,2.09
cota tva 2025,128,4212,3.04%,3.68
calculator la suta,128,2414,5.3%,4.07
taxa impozit auto,128,955,13.4%,3.71
numar cadastral pe harta,127,2015,6.3%,3.49
cat e indemnizatia de crestere copil,127,1624,7.82%,2.05
verificare rovinieta dupa nr de inmatriculare,127,1586,8.01%,5.1
nr cadastral harta,126,3800,3.32%,3.32
dupa cat timp se sterge cazierul auto,126,1015,12.41%,1.77
verificare istoric rovinieta,125,2470,5.06%,5.37
calculator net,124,15778,0.79%,5.22
pensia de invaliditate gradul 3 se considera vechime in munca forum,124,5717,2.17%,7.61
verifica daca ai rovinieta,124,1385,8.95%,3.55
impozit auto craiova 2026,124,476,26.05%,3.55
valoare tva 2025,123,2065,5.96%,2.38
tabel varsta pensionare femei 2025,122,2811,4.34%,6.73
pensie de boala gradul 3 suma,122,2122,5.75%,3.8
impozit masini hibride 2026,122,507,24.06%,3.37
carte funciara,121,22861,0.53%,7.01
calculator salar brut net,121,4451,2.72%,3.93
calculator tva online,121,4408,2.75%,4.56
impozit motor 2.0 diesel,121,3936,3.07%,5.2
pensie invaliditate,121,2910,4.16%,4.02
rovinieta verificare valabilitate,121,2249,5.38%,4.14
verificare rovinieta serie sasiu,121,1271,9.52%,3.76
cand pot sa ma pensionez,121,732,16.53%,3.29
calculator termene zile lucratoare,121,521,23.22%,2.31
impozitul pe masini 2026,121,346,34.97%,2.49
calculul impozitului auto 2026,121,301,40.2%,2.15
lista impozit auto 2026,121,269,44.98%,1.72
ce pensie ai la 25 ani vechime,120,21512,0.56%,3.96
harta cadastrala online,120,6364,1.89%,7.09
cazier online ghiseul.ro,120,4511,2.66%,7.16
verificat rovinieta,120,1800,6.67%,3.8
verificare amenda rovinieta online,120,1581,7.59%,7.07
iesire la pensie,120,1445,8.3%,4.57
calculator maternitate,120,389,30.85%,2.94
cat va fi impozitul auto in 2026,120,305,39.34%,1.86
taxe impozit auto 2026,120,285,42.11%,2.15
obtinere cazier fiscal online,119,1922,6.19%,8.77
impozit auto 2026 ploiesti,119,1112,10.7%,5.14
calcul an pensionare,119,640,18.59%,4.22
cum aflu cand ies la pensie,119,376,31.65%,2.76
pret cazier judiciar,118,4124,2.86%,3.75
certificat cazier fiscal online,118,909,12.98%,4.22
impozit auto romania 2026,118,372,31.72%,2.62
taxa masina 2026,118,272,43.38%,2.43
cazier ghiseul.ro,117,3094,3.78%,6.46
pensie anticipata femei 1965,117,1609,7.27%,4.95
salar brut calculator,116,1626,7.13%,3
certificatul de integritate comportamentală online,116,915,12.68%,3.49
cazier si certificat de integritate comportamentala online,116,837,13.86%,3.22
certificat de celibat romania online,116,390,29.74%,2.05
eliberare certificat constatator onrc,115,7508,1.53%,6.26
reabilitarea de drept,115,7084,1.62%,5.95
pensionare femei nascute in 1968,115,753,15.27%,4.14
ghiseul .ro,114,6957,1.64%,6.69
eliberare duplicat certificat de nastere in cat timp,114,1136,10.04%,2.68
calculeaza indemnizatie crestere copil,114,777,14.67%,5.51
ghiseul ro cazier auto,114,762,14.96%,3.02
calculator tva imobiliare 2025,114,343,33.24%,2.57
noul impozit auto 2026,114,270,42.22%,2.33
impozit masini 2026 calculator,114,226,50.44%,1.65
cum se calculează tva,113,1458,7.75%,4.73
calcul tva regula de 3 simpla,113,1155,9.78%,4.31
calculator impozit auto hibrid 2026,113,419,26.97%,2.72
onrc certificat constatator,112,17302,0.65%,7.11
rovigneta verificare,112,2185,5.13%,4.09
numar cadastral verificare,112,1845,6.07%,4.05
cat este pensia de boala,112,902,12.42%,2.7
cat este indemnizatia de crestere copil 2025,112,646,17.34%,1.62
cum se calculează salariu,112,589,19.02%,2.9
impozite auto 2026 tabel,112,211,53.08%,1.45
harta cadastru online,111,6748,1.64%,7.04
pensionare femei,111,2556,4.34%,3.62
valabilitate rovinieta verificare,111,1765,6.29%,3.52
verifica rovinieta romania,111,1153,9.63%,3.64
daca ai lucrat in strainatate primesti pensie,111,567,19.58%,2.16
formula de calcul impozit auto 2026,111,319,34.8%,2.18
tabel varsta pensionare anticipata femei 2025,110,2435,4.52%,5.11
când pot ieși la pensie,110,1264,8.7%,3.34
calcul termen pe zile calendaristice,110,1205,9.13%,3.55
cum se calculeaza salariul brut,110,745,14.77%,3.02
calculate impozit auto,110,496,22.18%,2.74
calculator iesire pensie,110,452,24.34%,3.31
varsta pensionare barbati 2025,109,3288,3.32%,2.98
adeverinta de integritate comportamentala online,109,1851,5.89%,6.7
verificare cazier fiscal,109,1812,6.02%,10.18
nascuta in 1968 cand ies la pensie,109,1446,7.54%,4.57
calcul cand ies la pensie,109,576,18.92%,3.05
impozit 2.2 diesel 2026,109,300,36.33%,1.84
impozit 3.0 diesel 2026,109,234,46.58%,1.68
certificat de naștere,108,16990,0.64%,2.38
tva,108,12260,0.88%,7.38
impozit auto timisoara,108,1058,10.21%,5.35
data iesire la pensie,108,966,11.18%,4.36
taxă auto 2026,108,695,15.54%,1.66
certificat de integritate comportamentala de unde se obtine,107,880,12.16%,4.18
pierdere certificat de nastere,107,877,12.2%,4.78
rovinieta ellenőrzés,107,840,12.74%,4.14
inpozit auto,107,443,24.15%,2.93
cartea funciară,106,108792,0.1%,4.62
cat este pensia de invaliditate gradul 1,106,1649,6.43%,3.25
verificare rovinieta gratuit,106,863,12.28%,3.19
calculator varsta pensionare 2025,106,368,28.8%,3.25
roviniete verificare,105,2973,3.53%,5.03
certificat de nastere la urgente,105,2865,3.66%,3.92
verificare cadastru,105,2272,4.62%,4.25
inpozit auto 2026,105,223,47.09%,1.57
cat este pensia de invaliditate gradul 3,104,1680,6.19%,4.47
impozit auto constanta 2026,104,979,10.62%,4.68
cum se calculează salariul net,104,870,11.95%,3.28
numar cadastru,104,739,14.07%,2.07
calcul ani pensie,104,679,15.32%,4.39
calcul iesire pensie,104,620,16.77%,3.89
cuantum pensie de boala,104,532,19.55%,2.62
tabel penalizare pensie anticipata,103,7078,1.46%,7.45
ghișeul.ro contact,103,1594,6.46%,3.95
calcularea salariului brut,103,804,12.81%,3.16
calculator taxe si impozite,103,776,13.27%,6.92
impozit auto pitesti 2026,103,471,21.87%,3.67
pensie in romania pentru ani lucrati in italia,102,3344,3.05%,5.86
verificare numar cadastral online,102,2122,4.81%,5.36
certificat de integritate comportamentală,102,1849,5.52%,4.83
concediu crestere copil 2025,102,1085,9.4%,2.01
cat este impozitul pe masina 2026,102,303,33.66%,2.5
impozitele auto 2026,102,294,34.69%,2.1
eliberare cazier judiciar,101,9507,1.06%,9.01
calculator net salariu,101,3281,3.08%,2.88
vârsta standard de pensionare pentru doamne,101,3046,3.32%,3.36
numar topografic,101,1540,6.56%,2.74
cand pot iesi la pensie anticipat,101,1344,7.51%,4.82
nascuta in anul 1969 cand ies la pensie,101,545,18.53%,3.77
cartea funciara online,100,7485,1.34%,6.32
pensie romania si strainatate,100,1817,5.5%,5.33
verificare valabilitate rovinieta online,100,1425,7.02%,3.8
verificare rovineta online,100,1105,9.05%,3.42
impozit auto 2026 monitorul oficial,100,509,19.65%,2.75
cum se calculează pensia de boala,100,285,35.09%,1.78
salariul net calcul,99,2438,4.06%,2.91
ghiseul.ro cazier fiscal,99,824,12.01%,3.02
calculare indemnizatie,99,274,36.13%,3.65
simulare impozit 2026,99,255,38.82%,1.97
calculator pentru indemnizație maternitate online,99,246,40.24%,2.04
calcul impozite auto 2026,99,233,42.49%,2.06
impozit salariu 2025,98,1845,5.31%,4.56
pensie de boala 2025,98,1631,6.01%,5.09
impozit auto 2026 euro 6,98,215,45.58%,1.7
salariu net din brut,97,5138,1.89%,3.93
cum calculez tva,97,1302,7.45%,4.76
cum verific valabilitatea rovinietei,97,1065,9.11%,3.42
pensie de invaliditate gradul 2 suma forum 2025,97,784,12.37%,1.25
eliberare certificat nastere pierdut,97,720,13.47%,3.61
cum verifici daca ai rovinieta,96,1604,5.99%,3.95
certificat celibat,96,1282,7.49%,6.75
cum se calculează indemnizația,96,1260,7.62%,7.35
suport@ghiseul.ro,96,1002,9.58%,6.38
certificat de nastere 2025,96,826,11.62%,1.12
nr cadastral dupa adresa,96,507,18.93%,3.35
impozite 2026 calculator,96,345,27.83%,2.05
ghiseul.ro plata impozit auto,96,273,35.16%,2.75
cazier judiciar online pret,95,6665,1.43%,4.69
calcul salarial,95,3876,2.45%,3.44
tabel varsta pensionare barbati,95,2439,3.9%,7.7
calculator impozit auto hibrid,95,1188,8%,3.39
pierderea certificatului de nastere,95,734,12.94%,3.69
calcul tva din suma,94,3266,2.88%,4.65
eliberare duplicat certificat de nastere timisoara,94,1886,4.98%,9.03
amenda lipsa rovinieta,94,1626,5.78%,3.66
valabilitate rovinieta dupa nr de inmatriculare,94,1216,7.73%,5.07
extras cf,93,20085,0.46%,8.09
calcul net,93,7059,1.32%,3.63
varsta de pensionare,93,6624,1.4%,4.18
tva in romania,93,5672,1.64%,4.81
ghiseul ro cazier judiciar persoane fizice,93,2676,3.48%,6.56
simulare calcul pensie,93,2505,3.71%,7.31
certificat de integritate comportamentala cluj,93,1198,7.76%,4.77
impozit auto bacau 2026,93,714,13.03%,5.08
tabel pensie anticipata femei,93,666,13.96%,3.68
impozit auto 3000 cmc 2026,93,462,20.13%,2.73
cat platesc impozit la masina,93,333,27.93%,2.51
tabel calcul impozit auto 2026,93,267,34.83%,1.66
in cat timp vine amenda de rovinieta,92,3390,2.71%,9.49
acte necesare duplicat certificat nastere,92,3386,2.72%,5.72
verifica vigneta,92,3161,2.91%,4.28
calcul pensie online,92,2745,3.35%,9.86
expirare rovinieta,92,2468,3.73%,5.29
cote tva,92,1932,4.76%,4.56
cand se poate iesi la pensie dupa anul nasterii,92,1229,7.49%,4.09
impozit masina calculator,92,605,15.21%,2.6
calcul varsta de pensionare femei,92,448,20.54%,3.35
cum se calculează pensia de invaliditate,92,272,33.82%,2.22
brut to net romania,91,6019,1.51%,4.14
valabilitate rovigneta,91,2558,3.56%,4.4
calcul tva dintr o suma,91,2064,4.41%,5.1
calculeaza salariu brut,91,1569,5.8%,3.07
verificare rovinieta nr inmatriculare,91,865,10.52%,5.29
pensionare femei nascute in 1967,91,608,14.97%,4.01
cazier rutier online gratuit,91,486,18.72%,3.67
cat este impozitul auto 2026,91,220,41.36%,2.09
cum se calculeaza impozitul auto 2026,91,185,49.19%,1.77
pensia de boala,90,1538,5.85%,5.45
rovinieta control,90,1307,6.89%,4.82
impozit motor,90,1102,8.17%,4.73
calcul impozit salariu,90,921,9.77%,3.91
verifică rovinieta,90,804,11.19%,3.12
calculator concediu postnatal,90,496,18.15%,3.33
verificare impozit 2026,90,308,29.22%,2.31
calculator pensie boala,90,125,72%,1
venit net,89,10905,0.82%,4.09
salariul brut,89,9729,0.91%,6.17
calcul procent,89,7064,1.26%,4.39
certificat casatorie,89,5076,1.75%,1.83
expert calcul pensie,89,4667,1.91%,8.52
verificare intabulare,89,3948,2.25%,7.06
eliberare cazier online,89,2858,3.11%,6.8
calculate salariu net,89,2159,4.12%,3.75
verificare rovinieta dupa numar inmatriculare,89,1391,6.4%,5.25
calcul maternitate,89,722,12.33%,3.1
impozit auto iasi,89,703,12.66%,3.73
ghișeul.ro cazier,88,3160,2.78%,3.91
calculator pensionare anticipata,88,503,17.5%,4.86
da,87,2356,3.69%,2.64
calcul vârsta de pensionare,87,437,19.91%,3.46
impozit auto calculator 2026,87,273,31.87%,2.65
noile taxe auto 2026,87,270,32.22%,1.95
impozit euro 4 2026,87,245,35.51%,1.46
taxe auto 2026 romania,87,188,46.28%,1.98
salar net calculator,86,2924,2.94%,3.02
calcul salar net 2025,86,2429,3.54%,3.37
amenzi rovinieta,86,1887,4.56%,4.52
verificare nr cadastral,86,1755,4.9%,3.32
calcul varsta pensionare anticipata,86,726,11.85%,9.18
tabel pensionare anticipata femei,86,526,16.35%,3.99
formula calcul tva 21,86,486,17.7%,2.75
calculator pensie limita de varsta,86,472,18.22%,4.93
calcul.indemnizatie crestere copil,86,298,28.86%,8.91
simulare indemnizatie crestere copil,86,155,55.48%,1.59
net din brut,85,7060,1.2%,4.14
ghiseu,85,6971,1.22%,4.94
certificat de nastere model nou,85,1012,8.4%,1.46
suport@ghiseul .ro,85,853,9.96%,6.08
cazier fiscal online ghiseul.ro,85,565,15.04%,2.65
calcul impozit salariu 2025,85,483,17.6%,2.73
cum se calculeaza varsta de pensionare,85,326,26.07%,3.74
verificare impozit auto online,85,325,26.15%,2.66
calculator de pensionare,85,319,26.65%,3.16
cazier judiciar online gratis,84,2251,3.73%,6.57
verificare intabulare online,84,1688,4.98%,3.88
indemnizatia crestere copil 2025,84,657,12.79%,1.63
impozit motor 3.0 diesel 2026,84,313,26.84%,2.32
calculator varsta,83,17799,0.47%,7.45
salariul net,83,12126,0.68%,6.13
calculator salar brut,83,3587,2.31%,3.29
ghiseu.ro cazier,83,3530,2.35%,4.65
extras de carte funciara online gratis,83,2242,3.7%,6.51
certificat comportamental,83,1501,5.53%,4.4
eliberare certificat nastere,83,1243,6.68%,6.82
simulare pensie anticipata,83,939,8.84%,6.02
cat e indemnizatie crestere copil 2025,83,715,11.61%,1.51
impozit motocicleta 2026,83,297,27.95%,2.04
impozitul la masini 2026,83,261,31.8%,2.64
grila de impozitare auto 2026,83,201,41.29%,1.9
calculator salariu brut 2026,82,3756,2.18%,8.81
schimbare certificat de nastere,82,3500,2.34%,6.39
calculare tva,82,2847,2.88%,4.26
anexa 5 legea pensiilor 360,82,2524,3.25%,7.36
impozit auto 2026 brasov,82,1277,6.42%,5.41
noul certificat de nastere,82,690,11.88%,1.33
amenzi rovinieta 2025,82,429,19.11%,2.06
impozit autorulota 2026,82,409,20.05%,1.69
certificat de nastere online romania,82,297,27.61%,2.36
certificat de cazier fiscal,81,5107,1.59%,7.66
pensionare anticipata 2025,81,2523,3.21%,4.96
pensie anticipata femei 1964,81,887,9.13%,5.11
casatorie online,81,698,11.6%,4.11
verifica amenda rovinieta,81,564,14.36%,3.9
calculator varstei de pensionare,81,488,16.6%,3.05
calculator procent,80,6594,1.21%,3.85
la ce vârstă ies femeile la pensie,80,3348,2.39%,4.34
conditii pensionare anticipata,80,1991,4.02%,5.22
impozit motor 2.5,80,1777,4.5%,5.35
calculator salariu net din brut,80,1723,4.64%,3.79
verificare rovigneta online,80,1592,5.03%,3.58
impozit 2.2 diesel,80,1118,7.16%,3.87
formula calcul indemnizatie crestere copil,80,1099,7.28%,3.6
cum se calculează indemnizația de creștere copil,80,1075,7.44%,5.48
identificator imobil,80,843,9.49%,1.92
calculator pensii cnas,80,738,10.84%,3.59
calcul impozit auto 2026 bucuresti,80,179,44.69%,2.27
cazier judiciar online ghiseul.ro,79,3312,2.39%,7.21
cati ani de munca trebuie sa ai ca sa iesi la pensie anticipat,79,3263,2.42%,6.93
calcul termen procedural,79,1763,4.48%,3.34
calculator de salarii,79,1506,5.25%,3.41
impozit 2.0 diesel,79,771,10.25%,3.27
calcul indemnizatie copil,79,765,10.33%,4.73
cazierul fiscal online,79,557,14.18%,4.28
data pensionare femei,79,508,15.55%,2.79
cost impozit auto 2026,79,240,32.92%,2.37
calcul impozit 2026 auto,79,193,40.93%,2.3
minim ani lucrati pentru pensie,78,4887,1.6%,7.07
pensia de invaliditate,78,2477,3.15%,7.44
bonificatie impozit 2026,78,2023,3.86%,5.92
ghiseul cazier,78,1949,4%,6.71
anexa 5 legea pensiilor femei,78,1630,4.79%,3.54
pensie calculator,78,1514,5.15%,6
pensie anticipata femei 1967 cu penalizare,78,1392,5.6%,4.25
cat este valabil cazierul auto,78,1274,6.12%,2.27
verificare rovinieta online dupa nr de inmatriculare,78,735,10.61%,5.22
taxa impozit 2026,78,346,22.54%,4.3
certificat de casatorie digital,78,272,28.68%,2.81
valoare tva,77,3805,2.02%,5
ghiseul ro cazier judiciar gratuit,77,2090,3.68%,6.64
cand ma pot pensiona anticipat,77,723,10.65%,3.55
obtinere duplicat certificat de nastere,77,677,11.37%,4.75
numarul cadastral,77,669,11.51%,3.78
nr topografic online,77,566,13.6%,2.8
de unde se obtine certificatul de integritate comportamentala,77,554,13.9%,2.88
pensie anticipata femei 1972,77,437,17.62%,2.55
impozit auto 2026 hibrid,77,365,21.1%,2.78
tarife impozit auto 2026,77,143,53.85%,1.53
certificat constatator registrul comertului,76,7016,1.08%,7.78
calculator salariu 4 ore,76,4191,1.81%,6.37
ghiseul ro cazier judiciar,76,2671,2.85%,5.77
cautare rovinieta,76,1546,4.92%,3.88
impozit autoutilitara,76,1507,5.04%,5.04
impozit mijloace de transport 2026,76,374,20.32%,2.44
calculator indemnizatie copil,76,357,21.29%,6.22
certificat casatorie digital,76,267,28.46%,2.22
rovinietă,75,42943,0.17%,7.4
brut vs net,75,12066,0.62%,4.77
pensie cu 20 ani vechime,75,5167,1.45%,3.37
venituri luate in calcul indemnizatie crestere copil,75,3043,2.46%,4.48
unde verific rovinieta,75,970,7.73%,3.29
verifica rovinieta dupa nr de inmatriculare,75,716,10.47%,4.82
calculator.impozit,75,244,30.74%,2.2
impozit euro 3 2026,75,211,35.55%,2.64
certificat constatator extins,74,6786,1.09%,6.58
certificat nastere,74,5069,1.46%,1.72
eliberare cazier fiscal,74,3163,2.34%,9.53
calculator salariu minim,74,2453,3.02%,3.6
calculator salariu cu ore suplimentare,74,1918,3.86%,6.79
calculator venit brut,74,1896,3.9%,2.88
taxe salariu,74,1790,4.13%,3.35
verificare valabilitate rovigneta,74,1707,4.34%,3.9
calcul termen,74,1637,4.52%,2.92
adeverinta de celibat,74,1158,6.39%,4.57
verificare expirare rovinieta,74,896,8.26%,3.86
cazierul auto,74,861,8.59%,3.51
impozit remorca 750 kg,74,675,10.96%,4.65
nascuta in 1969 cand ies la pensie,74,627,11.8%,4.14
calculator taxa auto,74,545,13.58%,8.68
impozit auto craiova,74,525,14.1%,4.41
cazier financiar online,74,494,14.98%,3.82
impozit auto.2026,74,148,50%,1.73
de unde se scoate extras de carte funciara,73,7194,1.01%,7.05
varsta de pensionare in romania,73,3560,2.05%,5.8
calculator salarii brut,73,2934,2.49%,3.96