Cele mai populare pagini,Clicuri,Expuneri,CTR,Poziție
https://eghiseul.ro/calculator/calculator-impozit-auto/,443496,2479738,17.88%,5.92
https://eghiseul.ro/tools/verificare-rovinieta-online/,294057,4125500,7.13%,6
https://eghiseul.ro/calculator/varsta-pensionare/,110950,1668515,6.65%,5.35
https://eghiseul.ro/calculator/salariu/,110510,5695682,1.94%,5.1
https://eghiseul.ro/tabel-varsta-pensionare-anticipata-femei/,80233,1763078,4.55%,6
https://eghiseul.ro/calculator/pensie-invaliditate/,65923,1080138,6.1%,6
https://eghiseul.ro/calculator/calculator-indemnizatie-crestere-copil/,56017,747972,7.49%,6.23
https://eghiseul.ro/,48220,2231549,2.16%,6.64
https://eghiseul.ro/servicii/eliberare-certificat-de-nastere/,34329,943797,3.64%,6.33
https://eghiseul.ro/cum-aflam-numarul-carte-functionara-si-nr-cadastral/,33450,820565,4.08%,6.62
https://eghiseul.ro/calculator/tva/,21400,870499,2.46%,5.07
https://eghiseul.ro/anii-lucrati-in-strainatate-se-pun-la-pensie-in-romania/,21342,274820,7.77%,5.22
https://eghiseul.ro/ghid-complet-certificat-de-integritate-comportamentala/,15617,252940,6.17%,4.29
https://eghiseul.ro/servicii/cazier-fiscal-online/,14121,506778,2.79%,7.03
https://eghiseul.ro/informatii-cazier-auto-online/,12000,281900,4.26%,6.26
https://eghiseul.ro/amenda-rovinieta-2025-tarife-plata-online-ghid-complet/,11382,390948,2.91%,4.57
https://eghiseul.ro/calculator/termene-judiciare/,10682,308898,3.46%,4.51
https://eghiseul.ro/servicii/verificare-rovinieta-online/,10213,340086,3%,6.48
https://eghiseul.ro/servicii/extras-de-carte-funciara/,7630,929169,0.82%,8.15
https://eghiseul.ro/cum-vor-arata-documentele-de-stare-civila-2025/,6892,146027,4.72%,5.43
https://eghiseul.ro/calculator/calculator-procente/,5864,522367,1.12%,5.14
https://eghiseul.ro/taxa-cazier-judiciar/,5188,249187,2.08%,6.18
https://eghiseul.ro/servicii/eliberare-certificat-de-celibat/,4746,108356,4.38%,6.57
https://eghiseul.ro/servicii/eliberare-certificat-de-casatorie/,4742,168471,2.81%,5.92
https://eghiseul.ro/servicii/cazier-auto-online/,4585,54071,8.48%,5.04
https://eghiseul.ro/eliberare-certificat-constatator-onrc-ghid/,4556,418386,1.09%,7.33
https://eghiseul.ro/servicii/cazier-judiciar-online/,4014,534821,0.75%,9.74
https://eghiseul.ro/calculator/reabilitare/,2793,80744,3.46%,6.81
https://eghiseul.ro/valabilitate-extras-de-carte-funciara/,2704,111062,2.43%,9.2
https://eghiseul.ro/contact/,2374,137842,1.72%,7.1
https://eghiseul.ro/calculator/taxa-judiciara-de-timbru/,2238,168628,1.33%,7.34
https://eghiseul.ro/servicii/certificat-de-integritate-comportamentala/,1982,148297,1.34%,6.46
https://eghiseul.ro/cele-4-tipuri-de-certificat-constatator-online/,1833,238082,0.77%,8.6
https://eghiseul.ro/servicii/extras-multilingv-certificat-nastere/,1428,41953,3.4%,8.25
https://eghiseul.ro/totul-despre-cartea-funciara-colectiva/,1339,211793,0.63%,7.07
https://eghiseul.ro/servicii/certificat-constatator-online/,897,331102,0.27%,8.19
https://eghiseul.ro/cazier-judiciar-vs-certificat-integritate-comportamentala/,418,62062,0.67%,6.77
https://eghiseul.ro/servicii/,361,180499,0.2%,7.51
https://eghiseul.ro/importanta-extras-de-carte-funciara-colectiva/,357,30317,1.18%,15.52
https://eghiseul.ro/servicii/extras-multilingv-certificat-casatorie/,273,16244,1.68%,12.22
https://eghiseul.ro/extras-de-carte-funciara-pentru-casa-verde/,161,29331,0.55%,23.52
https://eghiseul.ro/servicii/rovinieta-online/,138,65339,0.21%,11.43
https://eghiseul.ro/rolul-si-atributiile-onrc-romania/,96,23379,0.41%,8.5
https://eghiseul.ro/categorii_servicii/certificate-nastere/,95,2268,4.19%,10.12
https://eghiseul.ro/tools/alegeri-prezidentiale-2024-prezenta-la-vot/,53,3503,1.51%,13.57
https://eghiseul.ro/termeni-si-conditii-rapidcert-srl/,44,767,5.74%,12.99
https://eghiseul.ro/servicii/asistenta-pentru-obtinere-cazier-online/,38,2401,1.58%,13.83
https://eghiseul.ro/categorii_servicii/persoane-fizice/,36,1908,1.89%,11.28
https://eghiseul.ro/termeni-si-conditii/,32,3090,1.04%,9.3
https://eghiseul.ro/wp-admin/*,27,1145,2.36%,10.71
https://eghiseul.ro/politica-de-confidentialitate/,23,1735,1.33%,6.83
https://eghiseul.ro/category/informatii-utile/,21,2408,0.87%,28.19
https://eghiseul.ro/category/informatii-utile/extras-de-carte-funciara/,12,2838,0.42%,9.6
https://eghiseul.ro/politica-de-confidentialitate-webserv-solutions-srl/,12,150,8%,5.04
https://eghiseul.ro/blog/,10,13191,0.08%,8.76
https://eghiseul.ro/cookies-policy/,9,900,1%,14.77
https://eghiseul.ro/wp-content/uploads/2024/02/Contract-Prestari-Servicii-eGhiseul-1.pdf,8,149,5.37%,12.15
https://eghiseul.ro/categorii_servicii/certificate-casatorie/,7,621,1.13%,21.7
https://eghiseul.ro/wp-content/uploads/2024/09/Contract-Prestari-Servicii-eGhiseul-WEBSERV-SOLUTIONS-SRL-SITE.pdf,5,121,4.13%,11.24
https://eghiseul.ro/wp-content/uploads/2025/03/Contract-Prestari-Servicii-SITE-INCARCAT.pdf,5,49,10.2%,22.02
https://eghiseul.ro/wp-content/uploads/2024/12/Contract-Prestari-Servicii-eGhiseul-RAPIDCERT-SRL.pdf,4,45,8.89%,6.13
https://eghiseul.ro/calculator/varsta-pensionare,3,14,21.43%,1.14
https://eghiseul.ro/wp-content/uploads/2025/01/4.png,2,150,1.33%,11.82
https://eghiseul.ro/wp-content/uploads/2025/10/CERTIFICATE-EGHISEUL-LOGO-SI-SPECIMEN-A4.png,2,127,1.57%,10.9
https://eghiseul.ro/wp-content/uploads/2025/10/CERTIFICATE-EGHISEUL-LOGO-SI-SPECIMEN-A4-2-1.png,2,56,3.57%,13.64
https://eghiseul.ro/wp-content/uploads/2024/05/Contract-EGHISEUL-TOATE-SERVICIILE-Template.pdf,2,38,5.26%,6.18
https://eghiseul.ro/category/informatii-utile/cazier-judiciar-online/,1,408,0.25%,28.8
https://eghiseul.ro/blog/page/2/,1,141,0.71%,9.25
https://eghiseul.ro/wp-content/uploads/2025/01/4-724x1024.png,1,127,0.79%,6.47
https://eghiseul.ro/wp-content/uploads/2021/09/CERTIFICAT-NASTERE-SPECIMEN-724x1024.png,1,108,0.93%,14.37
https://eghiseul.ro/category/informatii-utile/certificat-constatator/,1,105,0.95%,29.58
https://eghiseul.ro/wp-content/uploads/2025/01/1.png,1,78,1.28%,13.18
https://eghiseul.ro/wp-content/uploads/2025/01/1-724x1024.png,1,38,2.63%,6.47
https://eghiseul.ro/wp-content/uploads/2026/03/CERTIFICATE-EGHISEUL-LOGO-SI-SPECIMEN-A4-3.png,1,21,4.76%,11.33
https://eghiseul.ro/contul-meu/,1,15,6.67%,6.27
https://eghiseul.ro/magazin/,1,4,25%,4.25
https://eghiseul.ro/wp-content/uploads/2023/12/EXTRAS-CF-SPECIMEN.png,0,157,0%,12.61
https://eghiseul.ro/wp-content/uploads/2021/09/Untitled-design-67-300x300.png,0,114,0%,18.11
https://eghiseul.ro/wp-content/uploads/2023/11/CERTIFICAT-DE-CASATORIE-SPECIMEN-724x1024.png,0,70,0%,9.7
https://eghiseul.ro/wp-content/uploads/2024/12/ANEXA-9-SPECIMEN.png,0,62,0%,16
https://eghiseul.ro/wp-content/uploads/2025/04/Contract-Prestari-Servicii-SITEV3.pdf,0,54,0%,17.2
https://eghiseul.ro/wp-content/uploads/2023/12/CERTIFICAT-CONSTATATOR-SPECIMEN.png,0,50,0%,11
https://eghiseul.ro/wp-content/uploads/2026/03/CERTIFICATE-EGHISEUL-LOGO-SI-SPECIMEN-A4-2-1.png,0,40,0%,18.15
https://eghiseul.ro/wp-content/uploads/2024/12/CAZIER-JUDICIAR-SPECIMEN.png,0,39,0%,15.46
https://eghiseul.ro/wp-content/uploads/2025/04/Contract-Prestari-Servicii-SITEV4_compressed.pdf,0,32,0%,18.44
https://eghiseul.ro/wp-content/uploads/2025/01/3-724x1024.png,0,29,0%,9.55
https://eghiseul.ro/wp-content/uploads/2024/12/Untitled-design-2024-12-11T143851.469.png,0,28,0%,12.21
https://eghiseul.ro/wp-content/uploads/2023/12/EXTRAS-CF-SPECIMEN-724x1024.png,0,25,0%,22.72
https://eghiseul.ro/wp-content/uploads/2025/01/2-724x1024.png,0,22,0%,15.82
https://eghiseul.ro/categorii_servicii/persoane-fizice/page/2/,0,17,0%,7.65
https://eghiseul.ro/termeni-si-conditii-rapidcert-srl/#elementor-toc__heading-anchor-0,0,16,0%,4.56
https://eghiseul.ro/termeni-si-conditii-rapidcert-srl/#elementor-toc__heading-anchor-1,0,16,0%,4.56
https://eghiseul.ro/wp-content/uploads/2024/05/CAZIER-FISCAL-SPECIMEN.png,0,16,0%,18.88
https://eghiseul.ro/termeni-si-conditii-rapidcert-srl/#elementor-toc__heading-anchor-6,0,13,0%,5.31
https://eghiseul.ro/category/informatii-utile/page/2/,0,12,0%,9.08
https://eghiseul.ro/wp-content/uploads/2025/01/Your-Section-Header-Goes-Here-2.png,0,12,0%,18.25
https://eghiseul.ro/wp-content/uploads/2025/08/Your-Section-Header-Goes-Here-1-1.png,0,11,0%,18.27
https://eghiseul.ro/wp-content/uploads/2024/02/CASA-VERDE-2-1-1024x576.png,0,11,0%,19.09
https://eghiseul.ro/wp-content/uploads/2024/06/Untitled-design-97-1.png,0,9,0%,3.44
https://eghiseul.ro/wp-content/uploads/2024/02/CASA-VERDE-2-1.png,0,9,0%,11.67
https://eghiseul.ro/termeni-si-conditii-rapidcert-srl/#elementor-toc__heading-anchor-10,0,8,0%,2.5
https://eghiseul.ro/termeni-si-conditii-2/,0,8,0%,5.5
https://eghiseul.ro/wp-content/uploads/2024/02/Untitled-design-93.png,0,8,0%,11.25
https://eghiseul.ro/robots.txt,0,7,0%,7
https://eghiseul.ro/termeni-si-conditii/#elementor-toc__heading-anchor-1,0,7,0%,7.71
https://eghiseul.ro/wp-content/uploads/2024/09/CAZIER-AUTO-SPECIMEN.png,0,7,0%,21.57
https://eghiseul.ro/termeni-si-conditii-rapidcert-srl/#elementor-toc__heading-anchor-5,0,6,0%,3
https://eghiseul.ro/termeni-si-conditii-rapidcert-srl/#elementor-toc__heading-anchor-7,0,6,0%,3
https://eghiseul.ro/categorii_servicii/persoane-juridice/,0,6,0%,6
https://eghiseul.ro/wp-content/uploads/2025/10/CERTIFICATE-EGHISEUL-LOGO-SI-SPECIMEN-A4-1-1.png,0,6,0%,7
https://eghiseul.ro/termeni-si-conditii-rapidcert-srl/#elementor-toc__heading-anchor-2,0,5,0%,2.4
https://eghiseul.ro/wp-content/uploads/2024/09/CERTIFICAT-INTEGRITATE-SPECIMEN.png,0,5,0%,23.2
https://eghiseul.ro/categorii_servicii/alte-servicii/,0,4,0%,7.5
https://eghiseul.ro/termeni-si-conditii/#elementor-toc__heading-anchor-0,0,4,0%,7.5
https://eghiseul.ro/termeni-si-conditii/#elementor-toc__heading-anchor-2,0,4,0%,7.5
https://eghiseul.ro/cum-aflam-numarul-carte-funciara-si-nr-cadastral/,0,3,0%,2.67
https://eghiseul.ro/termeni-si-conditii-rapidcert-srl/#elementor-toc__heading-anchor-9,0,3,0%,2.67
https://eghiseul.ro/categorii_servicii/caziere/,0,3,0%,6
https://eghiseul.ro/termeni-si-conditii/#elementor-toc__heading-anchor-9,0,3,0%,8
https://eghiseul.ro/wp-content/uploads/2025/12/calculator-impozit-auto-2026-1.png,0,3,0%,12.33
https://eghiseul.ro/wp-content/uploads/2024/06/1920px-Map_of_Romanian_roads_quality_2013-1-1024x722.png,0,3,0%,13.67
https://eghiseul.ro/wp-content/uploads/2024/01/Untitled-design-76.jpg,0,3,0%,17.33
https://eghiseul.ro/wp-content/uploads/2020/02/Untitled-design-75.jpg,0,3,0%,18
https://eghiseul.ro/wp-content/uploads/2024/12/CERTIFICATE-EGHISEUL-LOGO-SI-SPECIMEN-A4-4-1.png,0,3,0%,19.67
https://eghiseul.ro/wp-content/uploads/2025/03/Contract-Prestari-Servicii-SITE-INCARCAT-3.pdf,0,3,0%,44.33
https://eghiseul.ro/ghid-complet-certificatul-de-integritate-comportamentala/,0,2,0%,1
https://eghiseul.ro/servicii/extras-de-carte-funciara,0,2,0%,1
https://eghiseul.ro/wp-content/uploads/2024/02/extras-carte-funciara-online.jpg,0,2,0%,2
https://eghiseul.ro/cum-aflam-numarul-carte-functionara-si-nr-cadastral/),0,2,0%,3
https://eghiseul.ro/termeni-si-conditii/#elementor-toc__heading-anchor-10,0,2,0%,10
https://eghiseul.ro/wp-content/uploads/2023/12/CERTIFICAT-CONSTATATOR-SPECIMEN-724x1024.png,0,2,0%,25
https://eghiseul.ro/cazier-auto-online-tot-ce-trebuie-sa-stii-in-2024/,0,1,0%,1
https://eghiseul.ro/contact-ocpi/,0,1,0%,1
https://eghiseul.ro/extras-de-carte-funciara-colectiva-online/,0,1,0%,1
https://eghiseul.ro/extrasul-de-carte-funciara-pentru-autentificare/,0,1,0%,1
https://eghiseul.ro/servicii/eliberarea-certificatului-de-nastere/,0,1,0%,1
https://eghiseul.ro/tabel-varsta-pensionare-anticipata-femei/),0,1,0%,1
https://eghiseul.ro/totul-despre-cartea-funciara-colectiva,0,1,0%,1
https://eghiseul.ro/valabilitate-extras-de-carte-funciara/),0,1,0%,1
https://eghiseul.ro/calculator/taxa-judiciara-de-timbru,0,1,0%,2
https://eghiseul.ro/cum-aflam-numarul-de-carte-funciara-si-nr-cadastral/,0,1,0%,2
https://eghiseul.ro/tabel-varsta-pensionare-anticipata-femei-in-2024/,0,1,0%,2
https://eghiseul.ro/cum-aflu-numarul-carte-functionara-si-nr-cadastral/,0,1,0%,3
https://eghiseul.ro/wp-content/uploads/2020/05/lothian-payment-methods-light-1024x196.webp,0,1,0%,3
https://eghiseul.ro/wp-content/uploads/2024/02/Untitled-design-92-1.png,0,1,0%,3
https://eghiseul.ro/termeni-si-conditii/#elementor-toc__heading-anchor-5,0,1,0%,4
https://eghiseul.ro/tools/verificare-rovinieta-online/),0,1,0%,4
https://eghiseul.ro/certificat-constatator-online-gratuit/,0,1,0%,5
https://eghiseul.ro/wp-content/uploads/2024/12/sishu_87566_Imagine_cu_o_mn_care_ine_o_copie_a_unei_cri_funciar_7d4232a3-d303-49b4-9847-db27e0d00f1b-min.png,0,1,0%,6
https://eghiseul.ro/finalizare/,0,1,0%,8
https://eghiseul.ro/wp-content/uploads/2025/10/calculator-indemnizatie-crestere-copil.png,0,1,0%,8
https://eghiseul.ro/wp-content/uploads/2025/12/rovinieta-specimen.png,0,1,0%,9
https://eghiseul.ro/wp-content/uploads/2025/08/Untitled-design-2025-08-19T100700.019-1.png,0,1,0%,20
https://eghiseul.ro/wp-content/uploads/2024/12/Untitled-design-2024-12-11T144325.496.png,0,1,0%,21
https://eghiseul.ro/wp-content/uploads/2025/07/Calculator-termen-judiciar-online-4-1.png,0,1,0%,28